[
  {
    "_id": "234",
    "topic": "Space",
    "userName": "SpaceX",
    "time": "2h",
    "title": "100s of SpaceX Starships land on Mars after a 6 month journey. 1000s of Martian colonists being building Mars Base 1",
    "image": "spacex.png",
    "liked": true,
    "stats": {
      "replies":"123",
      "retuits":"234",
      "likes":"345"
    },
    "handle": "@spacex",
    "tuit": "You want to wake up in the morning and think the future is going to be great - and that’s what being a spacefaring civilization is all about. It’s about believing in the future and thinking that the future will be better than the past. And I can’t think of anything more exciting than going out there and being among the stars"
  },


  {
    "_id": "345",
    "topic": "Tesla",
    "userName": "Tesla",
    "time": "7d",
    "title": "Tesla, Inc. is an American multinational automotive and clean energy company headquartered in Austin, Texas.",
    "image": "Tesla.png",
    "liked": true,
    "stats": {
      "replies":"123",
      "retuits":"234",
      "likes":"345"
    },
    "handle": "@spacex",
    "tuit": "Tesla was incorporated in July 2003 by Martin Eberhard and Marc Tarpenning as Tesla Motors. The company's name is a tribute to inventor and electrical engineer Nikola Tesla. In February 2004, via a $6.5 million investment, Elon Musk became the largest shareholder of the company. He has served as CEO since 2008. According to Musk, the purpose of Tesla is to help expedite the move to sustainable transport and energy, obtained through electric vehicles and solar power. Tesla began production of its first car model, the Roadster sports car, in 2009. This was followed by the Model S sedan in 2012, the Model X SUV in 2015, the Model 3 sedan in 2017, and the Model Y crossover in 2020. "
  }

]