[
  {
    "id": 123,
    "icon": "elonmusk.png",
    "userName": "Elon Musk",
    "handle":"@elonmusk",
    "time": "23h",
    "title": "Amazing show about @Inspiration4x mission!",
    "image": "inspiration.png",
    "topic": "Countdown: Inspiration4 Mission to Space | Netflix Official Site",
    "text": "From training to launch to landing, this all-access docuseries rides along with the Inspration4 crew on the first all-civillian orbital space...",
    "link": "#",
    "message":"595",
    "retweet":"1,168",
    "love":"11.1k"
  },
  {
    "id": 456,
    "icon": "newyorkpost.png",
    "userName": "New York Post",
    "handle":"@nypost",
    "time": "23h",
    "title": "Grimes seen reading Karl Marx following split with world's richest man Elon Musk",
    "image": "reading.png",
    "topic": "",
    "text": "",
    "link": "#",
    "message":"5346",
    "retweet":"1,061",
    "love":"19.2k"
  }
]